Accession Number,Age
SRR11102034,Postnatal_month_8
SRR11102035,Postnatal_month_8
SRR11102036,Postnatal_month_8
SRR11102037,Postnatal_month_8
SRR11102038,Postnatal_month_8
SRR11102039,Postnatal_month_8
SRR11102040,Postnatal_month_8
SRR11102041,Postnatal_month_8
SRR11102042,Postnatal_month_18
SRR11102043,Postnatal_month_18
SRR11102044,Postnatal_month_18
SRR11102045,Postnatal_month_18
SRR11102046,Postnatal_month_18
SRR11102047,Postnatal_month_18
SRR11102048,Postnatal_month_18
SRR11102049,Postnatal_month_18
SRR11102050,Postnatal_month_22
SRR11102051,Postnatal_month_22
SRR11102052,Postnatal_month_22
SRR11102053,Postnatal_month_22
SRR11102054,Postnatal_month_22
SRR11102055,Postnatal_month_22
SRR11102056,Postnatal_month_22
SRR11102057,Postnatal_month_22
SRR11102058,Postnatal_month_24
SRR11102059,Postnatal_month_24
SRR11102060,Postnatal_month_24
SRR11102061,Postnatal_month_24
SRR11102062,Postnatal_month_24
SRR11102063,Postnatal_month_24
SRR11102064,Postnatal_month_24
SRR11102065,Postnatal_month_24
SRR11102066,Postnatal_month_26
SRR11102067,Postnatal_month_26
SRR11102068,Postnatal_month_26
SRR11102069,Postnatal_month_26
SRR11102070,Postnatal_month_26
SRR11102071,Postnatal_month_26
SRR11102072,Postnatal_month_26
SRR11102073,Postnatal_month_26
SRR11102074,Postnatal_month_26
SRR11102075,Postnatal_month_28
SRR11102076,Postnatal_month_28
SRR11102077,Postnatal_month_28
SRR11102078,Postnatal_month_28
SRR11102079,Postnatal_month_28
SRR11102080,Postnatal_month_28
SRR11102081,Postnatal_month_28
SRR11102082,Postnatal_month_28
SRR11102083,Postnatal_month_28
